City_ID,City,Lat,Lng,Max Temp,Humidity,Cloudiness,Wind Speed,Description
0,Guadalajara,20.6667,-103.3333,80.37,47,20,4.61,few clouds
1,Khatanga,71.9667,102.5,49.69,58,100,22.3,overcast clouds
2,Bambanglipuro,-7.95,110.2833,78.17,77,65,9.93,broken clouds
3,Canto Do Buriti,-8.11,-42.9444,74.19,53,21,7.02,few clouds
4,Ponta Do Sol,32.6667,-17.1,70.72,80,12,5.64,few clouds
5,Cidreira,-30.1811,-50.2056,61.7,94,2,15.5,clear sky
6,Port Elizabeth,-33.918,25.5701,54.32,93,75,4.61,broken clouds
7,Puerto Ayora,-0.7393,-90.3518,67.55,99,45,8.01,scattered clouds
8,Jamestown,42.097,-79.2353,82.02,67,0,9.22,clear sky
9,Mogwase,-25.185,27.2665,54.1,63,75,3.29,broken clouds
10,Hervey Bay,-25.2986,152.8535,62.53,87,100,21.45,moderate rain
11,Scarborough,54.2797,-0.4044,63.97,84,93,12.12,overcast clouds
12,Ushuaia,-54.8,-68.3,29.86,93,100,17.27,snow
13,Seymchan,62.8833,152.4333,45.81,78,100,8.55,overcast clouds
14,New Norfolk,-42.7826,147.0587,48.92,63,0,1.59,clear sky
15,Hobart,-42.8794,147.3294,49.26,78,40,8.05,scattered clouds
16,Torbay,47.6666,-52.7314,64.58,85,100,24.16,overcast clouds
17,Busselton,-33.65,115.3333,58.05,81,100,14.18,light rain
18,Pacific Grove,36.6177,-121.9166,75.24,85,75,8.05,broken clouds
19,Pevek,69.7008,170.3133,31.75,87,100,15.9,overcast clouds
20,Atuona,-9.8,-139.0333,77.61,75,1,14.36,clear sky
21,Buala,-8.145,159.5921,85.42,66,95,7.87,overcast clouds
22,Yatou,37.15,122.3833,75.96,75,56,8.46,broken clouds
23,Baghdad,33.3406,44.4009,85.91,21,0,8.05,clear sky
24,Rikitea,-23.1203,-134.9692,73.56,76,0,5.61,light rain
25,Albany,42.6001,-73.9662,86.65,64,34,3.74,scattered clouds
26,Mount Gambier,-37.8333,140.7667,53.1,56,7,8.59,clear sky
27,Upernavik,72.7868,-56.1549,48.11,70,100,7.78,overcast clouds
28,Vaini,-21.2,-175.2,78.96,83,20,9.22,few clouds
29,Hailar,49.2,119.7,79.07,46,7,5.3,clear sky
30,Dhidhdhoo,6.8833,73.1,81.21,73,100,21.99,moderate rain
31,Punta Arenas,-53.15,-70.9167,30.31,93,20,13.8,few clouds
32,Hami,42.8,93.45,69.35,44,29,2.84,scattered clouds
33,Butaritari,3.0707,172.7902,81.09,80,100,9.4,moderate rain
34,Saskylakh,71.9167,114.0833,51.06,56,53,17.09,broken clouds
35,Dingle,10.9995,122.6711,83.23,79,100,2.08,overcast clouds
36,Bengkulu,-3.8004,102.2655,77.77,87,18,2.86,few clouds
37,Bluff,-46.6,168.3333,44.8,68,100,7.54,overcast clouds
38,Ilulissat,69.2167,-51.1,57.22,44,75,14.97,broken clouds
39,Bredasdorp,-34.5322,20.0403,44.15,90,0,5.75,clear sky
40,Bethel,41.3712,-73.414,83.77,75,0,6.31,clear sky
41,Strezhevoy,60.7333,77.5889,61.47,67,99,2.35,overcast clouds
42,Algiers,36.7525,3.042,73.22,88,20,3.44,few clouds
43,Tasiilaq,65.6145,-37.6368,37.56,77,100,3.78,overcast clouds
44,Ribeira Grande,38.5167,-28.7,72.82,84,6,2.57,clear sky
45,Sao Filipe,14.8961,-24.4956,76.05,88,71,4.27,broken clouds
46,Lewisburg,35.4492,-86.7889,90.45,72,0,6.91,clear sky
47,Dubbo,-32.25,148.6167,62.73,48,75,21.85,broken clouds
48,Derzhavinsk,51.1,66.3167,67.86,68,97,7.02,overcast clouds
49,Yichun,47.7,128.9,76.82,60,0,3.2,clear sky
50,Bonavista,48.6499,-53.1147,59.02,93,100,22.3,light rain
51,Nikolskoye,59.7035,30.7861,64.87,82,8,7.05,clear sky
52,Nadezhda,44.1,44.6,67.82,75,94,1.95,overcast clouds
53,Huty,50.1332,35.3439,51.75,95,4,11.14,clear sky
54,Sakaraha,-22.9,44.5333,56.37,66,0,2.06,clear sky
55,Carnarvon,-24.8667,113.6333,68.07,94,100,8.05,overcast clouds
56,Yulara,-25.2406,130.9889,55.98,35,10,12.86,clear sky
57,Benicarlo,40.4165,0.4271,78.91,81,0,4.29,clear sky
58,Ixtapa,20.7,-105.2,88.83,74,75,5.75,broken clouds
59,Richards Bay,-28.783,32.0377,61.61,89,22,5.77,few clouds
60,Hermanus,-34.4187,19.2345,49.44,78,0,6.15,clear sky
61,Castro,-24.7911,-50.0119,56.32,93,6,4.29,clear sky
62,Barrow,71.2906,-156.7887,53.62,62,0,12.66,clear sky
63,Chuy,-33.6971,-53.4616,57.2,95,81,7.52,moderate rain
64,Dukat,62.55,155.55,49.73,45,100,8.66,overcast clouds
65,Arraial Do Cabo,-22.9661,-42.0278,70.07,85,2,11.63,clear sky
66,Krasne,49.9145,24.6134,54.3,90,5,2.98,clear sky
67,San Patricio,28.017,-97.5169,87.89,65,4,18.48,clear sky
68,Touros,-5.1989,-35.4608,73.72,90,100,9.62,overcast clouds
69,Airai,-8.9266,125.4092,65.88,73,59,3.69,broken clouds
70,Kayes,14.0,-11.0,75.76,83,100,3.42,light rain
71,Lebu,-37.6167,-73.65,52.05,96,100,5.17,overcast clouds
72,Ostrovnoy,68.0531,39.5131,47.68,96,31,3.76,scattered clouds
73,Pimentel,-6.8367,-79.9342,62.8,84,16,15.82,few clouds
74,Faanui,-16.4833,-151.75,78.08,69,8,10.45,clear sky
75,Orsha,54.5153,30.4053,55.26,71,21,14.81,few clouds
76,Chokurdakh,70.6333,147.9167,54.37,43,57,8.01,broken clouds
77,Boali,4.8005,18.1275,69.55,96,100,1.16,overcast clouds
78,Victoria,22.2855,114.1577,91.26,78,14,8.01,few clouds
79,Mataura,-46.1927,168.8643,44.47,78,100,4.0,overcast clouds
80,Ugoofaaru,5.6667,73.0,80.83,76,98,18.41,light rain
81,Codrington,-38.2667,141.9667,53.69,56,5,6.4,clear sky
82,Karratha,-20.7377,116.8463,72.14,46,5,5.01,clear sky
83,Edinburg,55.9521,-3.1965,59.11,79,40,5.75,scattered clouds
84,Tyrma,50.0833,132.1667,59.86,99,100,3.83,overcast clouds
85,Nanortalik,60.1432,-45.2371,49.64,87,28,15.05,scattered clouds
86,Cap Malheureux,-19.9842,57.6142,65.46,75,89,7.0,overcast clouds
87,Medvedevo,56.6339,47.804,51.55,91,71,3.98,broken clouds
88,Taltal,-25.4,-70.4833,57.36,88,100,1.68,overcast clouds
89,Rawson,-43.3002,-65.1023,43.47,42,0,27.47,clear sky
90,Batemans Bay,-35.7167,150.1833,54.1,79,100,2.37,light rain
91,Nouadhibou,20.931,-17.0347,69.78,94,20,5.75,few clouds
92,Grindavik,63.8424,-22.4338,49.95,93,75,10.36,broken clouds
93,Rensvik,63.1,7.8167,55.06,94,100,9.22,drizzle
94,Cape Town,-33.9258,18.4232,56.37,77,0,5.75,clear sky
95,Isiro,2.7739,27.616,65.19,97,86,2.15,overcast clouds
96,Kauhajoki,62.4333,22.1833,52.77,82,34,5.26,scattered clouds
97,Khatassy,61.9036,129.6383,78.78,68,77,7.83,light rain
98,Caravelas,-17.7125,-39.2481,70.88,79,0,6.24,clear sky
99,Esperance,-33.8667,121.9,56.26,78,100,19.24,light rain
100,Tuktoyaktuk,69.4541,-133.0374,51.8,87,75,9.22,broken clouds
101,Tequila,20.8833,-103.8333,79.0,64,4,6.26,clear sky
102,Schenectady,42.8334,-74.0829,84.83,69,0,11.5,clear sky
103,Avarua,-21.2078,-159.775,71.65,78,75,16.11,light rain
104,Krasnoselkup,65.7,82.4667,54.82,74,96,1.28,overcast clouds
105,Kochevo,59.5994,54.3125,51.73,97,54,3.89,broken clouds
106,Hasaki,35.7333,140.8333,86.4,76,100,7.43,overcast clouds
107,Greymouth,-42.4667,171.2,51.57,64,51,6.91,broken clouds
108,Guatire,10.4762,-66.5427,71.65,98,46,2.39,scattered clouds
109,Amli,20.2833,73.0167,76.12,93,100,4.94,light rain
110,Mareeba,-17.0,145.4333,76.48,70,87,0.94,overcast clouds
111,Milos,36.75,24.4333,73.78,69,0,23.02,clear sky
112,Big Rapids,43.6981,-85.4837,75.09,76,100,8.05,overcast clouds
113,Maniitsoq,65.4167,-52.9,46.63,93,100,20.49,light rain
114,Bathsheba,13.2167,-59.5167,81.21,95,40,16.11,scattered clouds
115,Hilo,19.7297,-155.09,84.27,80,41,5.99,scattered clouds
116,Yellowknife,62.456,-114.3525,68.52,40,75,10.36,broken clouds
117,Saint-Philippe,-21.3585,55.7679,67.59,78,47,14.88,scattered clouds
118,Arlit,18.7369,7.3853,90.23,31,54,7.72,broken clouds
119,Pierre,44.3683,-100.351,92.32,35,0,17.27,clear sky
120,Norsup,-16.0667,167.3833,82.74,75,7,17.96,clear sky
121,San Quintin,30.4833,-115.95,72.95,70,2,13.42,clear sky
122,Kapaa,22.0752,-159.319,87.78,69,40,17.27,scattered clouds
123,Los Llanos De Aridane,28.6585,-17.9182,67.75,83,7,17.27,clear sky
124,Pisco,-13.7,-76.2167,60.85,82,100,6.91,overcast clouds
125,Kodiak,57.79,-152.4072,58.51,67,0,10.36,clear sky
126,Lasa,46.6166,10.7002,66.36,88,0,1.88,clear sky
127,Auki,-8.7676,160.7034,85.91,62,100,2.86,overcast clouds
128,Strelka,58.0728,93.0344,58.19,91,36,4.92,scattered clouds
129,Kahului,20.8947,-156.47,83.97,54,40,25.32,scattered clouds
130,Vao,-22.6667,167.4833,74.08,89,100,10.13,overcast clouds
131,Mahebourg,-20.4081,57.7,66.49,82,75,12.66,broken clouds
132,Nantucket,41.2835,-70.0995,78.91,94,40,10.36,mist
133,Georgetown,5.4112,100.3354,82.33,88,20,2.3,few clouds
134,East London,-33.0153,27.9116,60.6,85,47,7.83,scattered clouds
135,Deputatskiy,69.3,139.9,44.78,74,96,15.48,overcast clouds
136,Tual,-5.6667,132.75,79.02,76,78,21.59,broken clouds
137,Luderitz,-26.6481,15.1594,55.74,62,0,14.61,clear sky
138,Issoire,45.55,3.25,60.06,87,0,2.64,clear sky
139,Mahmudia,45.0833,29.0833,75.4,45,74,9.78,broken clouds
140,Vila Franca Do Campo,37.7167,-25.4333,70.21,89,50,3.09,scattered clouds
141,Kavaratti,10.5669,72.642,80.64,79,100,19.71,light rain
142,Lavumisa,-27.31,31.892,61.79,88,93,2.71,overcast clouds
143,Olga,43.7444,135.2892,69.15,77,84,3.09,broken clouds
144,Iquitos,-3.7481,-73.2472,77.04,94,75,2.3,broken clouds
145,Jalingo,8.8833,11.3667,72.01,95,100,2.21,overcast clouds
146,Hithadhoo,-0.6,73.0833,79.99,77,98,6.2,overcast clouds
147,Carutapera,-1.195,-46.02,76.06,87,23,5.28,few clouds
148,Champerico,14.3,-91.9167,82.67,77,100,6.69,overcast clouds
149,Erenhot,43.6475,111.9767,82.74,24,4,7.18,clear sky
150,Colares,38.7992,-9.4469,68.76,69,2,20.0,clear sky
151,Souillac,-20.5167,57.5167,66.58,82,75,12.66,broken clouds
152,Tandlianwala,31.0333,73.1333,81.32,86,98,8.86,overcast clouds
153,Tura,25.5198,90.2201,75.29,96,100,4.12,overcast clouds
154,Komsomolsk,49.0097,33.6455,54.75,86,0,9.15,clear sky
155,Eirunepe,-6.6603,-69.8736,74.48,64,10,1.3,clear sky
156,Kidal,18.4411,1.4078,80.73,63,91,11.9,moderate rain
157,Sorland,67.667,12.6934,53.46,91,100,14.83,overcast clouds
158,Ola,59.5833,151.2833,79.14,80,51,6.62,broken clouds
159,Dikson,73.5069,80.5464,38.86,91,100,30.18,light rain
160,Waipawa,-41.4122,175.5153,45.14,94,100,30.4,overcast clouds
161,Dzaoudzi,-12.7887,45.2699,67.89,94,0,2.3,clear sky
162,Morant Bay,17.8815,-76.4093,85.62,80,15,9.69,few clouds
163,Kruisfontein,-34.0033,24.7314,49.89,92,11,6.76,few clouds
164,Saint-Pierre,-21.3393,55.4781,67.68,66,0,12.66,clear sky
165,Saint George,37.1041,-113.5841,106.63,15,0,13.8,clear sky
166,Port Shepstone,-30.7414,30.455,61.7,80,5,4.85,clear sky
167,Guerrero Negro,27.9769,-114.0611,76.32,56,9,17.11,clear sky
168,Conselheiro Lafaiete,-20.6603,-43.7861,55.89,91,0,3.67,clear sky
169,Vanavara,60.34,102.2797,64.08,64,15,6.17,few clouds
170,Venice,27.0998,-82.4543,87.82,74,0,8.05,clear sky
171,Hambantota,6.1241,81.1185,77.34,100,20,3.44,few clouds
172,Wajid,3.8093,43.2471,69.46,68,51,17.54,broken clouds
173,Gumla,23.05,84.55,76.98,83,100,2.66,overcast clouds
174,Iranshahr,27.2025,60.6848,89.35,57,10,6.29,clear sky
175,Visnes,59.3556,5.2242,57.81,88,100,14.97,overcast clouds
176,Husavik,66.0449,-17.3389,45.5,88,74,1.25,broken clouds
177,College,64.8569,-147.8028,70.07,49,75,12.66,broken clouds
178,Coquimbo,-29.9533,-71.3436,53.33,87,100,2.3,overcast clouds
179,Yar-Sale,66.8333,70.8333,53.38,61,93,13.67,overcast clouds
180,Stromness,58.965,-3.296,53.56,91,32,11.01,scattered clouds
181,Chicama,-7.8447,-79.1469,59.54,82,29,5.82,scattered clouds
182,Bairiki,1.3292,172.9752,82.4,89,75,6.91,broken clouds
183,Itoman,26.1247,127.6694,91.4,84,20,10.36,few clouds
184,Talcahuano,-36.7167,-73.1167,51.48,100,100,6.91,drizzle
185,Paraiso,9.8383,-83.8656,67.96,98,100,2.89,overcast clouds
186,Campos Gerais,-21.235,-45.7586,64.15,68,23,10.87,few clouds
187,Mehamn,71.0357,27.8492,57.15,88,75,6.91,broken clouds
188,Kysyl-Syr,63.8986,122.7617,67.77,90,100,7.07,light rain
189,Mahibadhoo,3.7833,72.9667,81.9,72,100,20.78,overcast clouds
190,Kovdor,67.5662,30.4758,53.26,92,12,2.51,few clouds
191,Yalta,44.5,34.1667,69.49,60,0,9.06,clear sky
192,Vila Velha,-20.3297,-40.2925,69.94,87,0,5.75,clear sky
193,Camocim,-2.9022,-40.8411,76.53,81,53,7.65,broken clouds
194,Policoro,40.2115,16.6726,74.59,45,0,4.05,clear sky
195,Atar,20.5169,-13.0499,85.89,47,18,11.43,few clouds
196,Narsaq,60.9167,-46.05,48.42,95,31,3.53,scattered clouds
197,Muli,2.9167,73.5667,81.12,75,100,16.28,light rain
198,Sitka,57.0531,-135.33,55.29,82,100,8.05,light rain
199,Klaksvik,62.2266,-6.589,49.12,92,94,18.72,overcast clouds
200,Gizo,-8.103,156.8419,83.07,71,32,3.58,scattered clouds
201,Yasnogorsk,54.4803,37.6975,51.93,98,100,6.96,overcast clouds
202,Ust-Maya,60.4167,134.5333,80.73,48,89,7.76,overcast clouds
203,Chikmagalur,13.3167,75.7833,65.48,96,71,4.76,broken clouds
204,Sioux Lookout,50.1001,-91.917,77.07,53,40,4.61,scattered clouds
205,Astoria,46.1879,-123.8313,71.6,77,0,9.22,clear sky
206,Ngaoundere,7.3167,13.5833,62.96,98,96,0.6,overcast clouds
207,Kyra,49.5776,111.9753,66.13,74,0,2.42,clear sky
208,Presidente Medici,-11.1753,-61.9014,74.17,41,0,1.23,clear sky
209,Zatoka,46.0725,30.4654,72.18,69,6,20.36,clear sky
210,Ust-Tsilma,65.441,52.1498,59.4,76,100,4.99,overcast clouds
211,Roebourne,-20.7833,117.1333,72.48,40,5,4.83,clear sky
212,Mar Del Plata,-38.0023,-57.5575,58.08,65,0,10.36,clear sky
213,Qaqortoq,60.7167,-46.0333,46.56,96,41,1.41,scattered clouds
214,Port Alfred,-33.5906,26.891,56.17,97,98,8.9,overcast clouds
215,Zhangjiakou,40.81,114.8794,78.13,48,0,2.42,clear sky
216,Nome,64.5011,-165.4064,47.16,87,100,8.05,moderate rain
217,Cherskiy,68.75,161.3,47.8,39,8,18.19,clear sky
218,Peniche,39.3558,-9.3811,67.28,91,12,14.41,few clouds
219,Robertsport,6.7533,-11.3686,76.5,79,100,15.48,light rain
220,Naze,28.3667,129.4833,85.12,80,83,17.18,broken clouds
221,Roshchino,60.2519,29.6085,60.01,73,100,11.14,overcast clouds
222,Nishihara,26.1842,127.7558,90.68,84,20,10.36,few clouds
223,Grand Gaube,-20.0064,57.6608,66.6,75,91,7.0,overcast clouds
224,Batouri,4.4333,14.3667,67.12,99,100,2.86,overcast clouds
225,La Ronge,55.1001,-105.2842,68.25,49,75,14.97,broken clouds
226,Moberly,39.4184,-92.4382,80.67,65,0,5.75,clear sky
227,Kallaste,58.655,27.1592,55.63,75,35,14.43,scattered clouds
228,Bambous Virieux,-20.3428,57.7575,66.45,82,75,12.66,light rain
229,Camacha,33.0833,-16.3333,67.42,73,75,11.5,broken clouds
230,Hamilton,39.1834,-84.5333,88.81,77,40,11.5,scattered clouds
231,Severo-Kurilsk,50.6789,156.125,52.65,97,99,12.93,light rain
232,Troitskoye,52.9821,84.6757,60.53,67,100,4.97,overcast clouds
233,Tiksi,71.6872,128.8694,40.6,83,12,22.03,few clouds
234,Berlevag,70.8578,29.0864,57.2,94,96,2.3,overcast clouds
235,Vardo,70.3705,31.1107,53.58,100,100,8.05,overcast clouds
236,Canutama,-6.5339,-64.3831,76.57,55,5,2.57,clear sky
237,Kassala,15.451,36.4,74.34,77,100,17.65,overcast clouds
238,Mount Isa,-20.7333,139.5,65.97,24,0,13.8,clear sky
239,Zaranj,30.9667,61.8833,89.08,17,0,19.08,clear sky
240,Soe,-9.8607,124.284,70.84,76,88,6.22,overcast clouds
241,Dunedin,-45.8742,170.5036,45.81,65,100,15.01,overcast clouds
242,Port Blair,11.6667,92.75,78.84,94,100,2.3,moderate rain
243,Komsomolskiy,40.4272,71.7189,77.72,36,0,6.91,clear sky
244,Vavuniya,8.7514,80.4971,76.66,87,49,5.68,scattered clouds
245,Aklavik,68.2191,-135.0107,65.97,46,100,10.74,overcast clouds
246,Saldanha,-33.0117,17.9442,51.51,69,0,8.05,clear sky
247,Sroda Wielkopolska,52.2284,17.2762,75.72,56,10,8.32,clear sky
248,Shasta Lake,40.6804,-122.3708,104.83,10,0,8.95,clear sky
249,Qaanaaq,77.484,-69.3632,39.99,84,100,4.5,overcast clouds
250,Dufftown,57.4333,-3.1333,56.39,80,43,4.74,scattered clouds
251,Fort Nelson,58.8053,-122.7002,74.79,33,75,8.05,broken clouds
252,Tshikapa,-6.4167,20.8,76.91,38,96,2.21,overcast clouds
253,Havre-Saint-Pierre,50.2334,-63.5986,68.0,68,0,6.91,clear sky
254,Shumskiy,54.8318,99.1328,64.36,61,8,5.39,clear sky
255,Iqaluit,63.7506,-68.5145,49.73,81,75,0.0,shower rain
256,Hirara,24.8,125.2833,89.46,79,40,10.36,scattered clouds
257,Formosa,-26.1775,-58.1781,73.38,78,0,9.22,clear sky
258,Harnosand,62.6323,17.9379,55.99,92,68,2.8,broken clouds
259,Itarema,-2.9248,-39.9167,76.73,78,44,11.18,scattered clouds
260,Gawler,-34.6,138.7333,60.98,66,11,13.62,few clouds
261,Bartica,6.4,-58.6167,77.32,98,100,1.92,overcast clouds
262,Kosino,58.4127,51.2782,51.08,93,13,1.01,few clouds
263,Rosario,-32.9468,-60.6393,61.99,77,0,1.14,clear sky
264,Rurrenabaque,-14.4413,-67.5278,73.71,72,32,1.3,scattered clouds
265,Skjervoy,70.0311,20.9714,59.0,79,54,10.4,broken clouds
266,Saint-Augustin,51.226,-58.6502,55.22,88,100,15.99,overcast clouds
267,Malmyzh,56.5205,50.6818,51.91,89,1,2.44,clear sky
268,Pahrump,36.2083,-115.9839,105.85,14,100,5.01,overcast clouds
269,Stornoway,58.2093,-6.3865,53.92,91,100,2.3,overcast clouds
270,Puerto Baquerizo Moreno,-0.9,-89.6,69.33,79,95,13.98,overcast clouds
271,Srednekolymsk,67.45,153.6833,54.97,53,56,5.19,broken clouds
272,Carlagan,14.975,122.0456,85.75,72,100,7.23,heavy intensity rain
273,Malaya Vishera,58.8454,32.2222,59.4,98,37,9.86,scattered clouds
274,Copiapo,-27.3667,-70.3333,49.69,61,100,2.39,overcast clouds
275,Berdigestyakh,62.0989,126.6992,74.35,69,76,3.0,light rain
276,Amambai,-23.1042,-55.2258,66.42,44,95,5.84,overcast clouds
277,Skibbereen,51.55,-9.2667,57.11,84,33,4.88,scattered clouds
278,Samarai,-10.6167,150.6667,82.89,73,5,13.35,clear sky
279,Encheng,22.1839,112.3026,87.35,72,19,7.92,few clouds
280,Saint-Georges,12.0564,-61.7485,78.48,89,20,5.75,few clouds
281,Portel,-1.9356,-50.8211,77.02,81,82,2.84,broken clouds
282,Fukaya,36.2,139.2833,84.72,56,100,2.89,light rain
283,Kyrksaeterora,63.2906,9.0891,59.13,99,100,3.38,light rain
284,Thompson,55.7435,-97.8558,64.56,82,75,8.05,broken clouds
285,Haines Junction,60.7522,-137.5108,54.48,55,91,6.11,overcast clouds
286,Port Moresby,-9.4431,147.1797,81.88,72,15,4.45,few clouds
287,Anaconda,46.1285,-112.9423,85.19,20,0,9.46,clear sky
288,Cabo San Lucas,22.8909,-109.9124,92.5,51,0,26.46,clear sky
289,Rio Gallegos,-51.6226,-69.2181,28.45,80,0,20.71,clear sky
290,Yenagoa,4.9247,6.2642,72.41,86,100,4.07,overcast clouds
291,Cairns,-16.9167,145.7667,81.1,68,75,12.66,broken clouds
292,Chara,56.9064,118.2631,68.88,73,87,1.34,light rain
293,Santa Marta,11.2408,-74.199,80.65,83,75,4.61,light intensity drizzle
294,Gbarnga,6.9956,-9.4722,68.02,98,100,1.77,light rain
295,Belen,36.4891,36.2233,71.74,65,0,6.91,clear sky
296,Utica,43.1009,-75.2327,83.7,65,89,1.01,overcast clouds
297,Belle Fourche,44.6714,-103.8522,88.5,23,0,13.8,clear sky
298,Talnakh,69.4865,88.3972,56.21,76,100,9.06,overcast clouds
299,Tondano,1.3038,124.9112,78.89,60,27,3.29,scattered clouds
300,Los Chiles,11.0333,-84.7167,74.35,96,100,4.59,overcast clouds
301,Kuminskiy,58.6667,66.5667,59.29,98,100,6.62,light rain
302,Santa Cruz,-17.8,-63.1667,71.06,78,14,6.91,few clouds
303,Barra Do Garcas,-15.89,-52.2567,70.34,39,6,1.97,clear sky
304,Masuguru,-11.3667,38.4167,64.2,88,0,2.84,clear sky
305,Almeirim,-1.5233,-52.5817,75.38,87,52,2.71,broken clouds
306,Kloulklubed,7.0419,134.2556,82.9,73,87,1.61,overcast clouds
307,Muros,42.7762,-9.0603,66.09,81,5,10.13,clear sky
308,Ripoll,42.2006,2.1903,70.43,80,0,4.21,clear sky
309,Edendale,-29.6528,30.3147,50.74,86,5,4.7,clear sky
310,Navahrudak,53.6,25.8333,48.4,91,0,5.86,clear sky
311,Igarka,67.4667,86.5833,51.85,95,100,8.88,overcast clouds
312,Pervomayskiy,53.2485,40.2871,52.45,98,100,5.32,light rain
313,Syava,58.0146,46.3222,53.64,86,73,3.69,broken clouds
314,Antofagasta,-23.65,-70.4,56.48,81,100,1.5,overcast clouds
315,Geraldton,-28.7667,114.6,63.01,94,100,4.61,moderate rain
316,Guanica,17.9716,-66.908,84.06,87,50,7.74,scattered clouds
317,San Martin,-33.081,-68.4681,46.94,36,0,3.89,clear sky
318,Mawlamyine,16.4914,97.6256,78.67,89,100,4.81,moderate rain
319,Egvekinot,66.3167,-179.1667,43.88,53,71,5.66,broken clouds
320,Tres Arroyos,-38.3739,-60.2798,55.2,56,7,16.02,clear sky
321,Opuwo,-18.0607,13.84,54.88,36,0,5.66,clear sky
322,Hualmay,-11.0964,-77.6139,61.79,83,55,9.73,broken clouds
323,Lompoc,34.6391,-120.4579,85.78,72,0,10.36,clear sky
324,Smidovich,48.6,133.8167,67.53,83,100,5.77,overcast clouds
325,Mwanza,-2.5167,32.9,65.14,62,0,11.5,clear sky
326,Dimbokro,6.6451,-4.7048,69.84,85,97,3.51,overcast clouds
327,Tanggu,39.0211,117.6469,80.56,58,1,3.76,clear sky
328,Ankazobe,-18.3167,47.1167,52.56,80,65,15.32,broken clouds
329,Shumyachi,53.8583,32.4242,58.14,65,92,13.82,overcast clouds
330,Bahia Blanca,-38.7196,-62.2724,57.38,45,80,15.23,broken clouds
331,Elat,29.5581,34.9482,82.24,61,0,6.91,clear sky
332,Gimli,50.6336,-96.9907,70.34,66,0,17.0,clear sky
333,Zharkent,44.1628,80.0,81.18,18,0,4.61,clear sky
334,Bilma,18.6853,12.9164,88.18,36,55,6.62,broken clouds
335,Rio Grande,-32.035,-52.0986,58.95,92,37,13.35,scattered clouds
336,Litovko,49.2361,135.1742,63.07,90,100,3.53,overcast clouds
337,Whyalla,-33.0333,137.5833,54.75,53,46,6.67,scattered clouds
338,Broome,42.2506,-75.833,82.78,63,0,7.0,clear sky
339,Oranjestad,12.524,-70.027,82.35,78,20,20.71,few clouds
340,Bar,49.0772,27.6826,51.75,90,0,8.05,clear sky
341,Sampit,-2.5333,112.95,85.19,69,6,3.27,clear sky
342,Naryshkino,52.9678,35.7268,52.14,93,90,9.95,overcast clouds
343,Ahipara,-35.1667,173.1667,57.15,69,19,20.29,few clouds
344,Sencha,50.2548,33.346,51.76,91,2,8.88,clear sky
345,Port Lincoln,-34.7333,135.8667,55.76,65,1,16.13,clear sky
346,Noumea,-22.2763,166.4572,80.58,99,100,13.56,overcast clouds
347,Sungairaya,0.7,108.9,85.51,68,99,2.82,overcast clouds
348,Omsukchan,62.5333,155.8,52.03,43,100,8.95,overcast clouds
349,Upington,-28.4478,21.2561,43.18,87,0,2.3,clear sky
350,Ippy,6.2679,21.2247,67.14,98,65,2.06,broken clouds
351,Xuanhua,40.6103,115.0447,82.83,42,0,2.06,clear sky
352,Petropavlovsk-Kamchatskiy,53.0452,158.6483,68.59,52,75,11.18,broken clouds
353,Chapleau,47.8405,-83.4034,68.09,88,75,3.44,broken clouds
354,Alta Floresta,-9.8756,-56.0861,71.94,46,0,2.06,clear sky
355,Alofi,-19.0595,-169.9187,76.89,78,75,14.97,broken clouds
356,Leningradskiy,69.3833,178.4167,33.17,97,100,20.71,light snow
357,San Rafael,-34.6177,-68.3301,55.29,20,0,2.26,clear sky
358,Gravelbourg,49.8834,-106.5512,75.47,49,0,5.37,clear sky
359,Provideniya,64.3833,-173.3,46.51,71,75,13.42,broken clouds
360,Talaya,61.3833,152.75,64.47,57,98,11.16,overcast clouds
361,Te Anau,-45.4167,167.7167,42.73,85,95,2.89,overcast clouds
362,Hofn,64.2539,-15.2082,52.12,73,21,4.63,few clouds
363,Kobe,34.6913,135.183,88.9,78,75,4.61,broken clouds
364,Baiyin,36.5583,104.2081,67.8,42,100,28.34,overcast clouds
365,Gwadar,25.1216,62.3254,82.26,83,100,11.9,overcast clouds
366,Port Hedland,-20.3167,118.5667,75.25,35,6,5.75,clear sky
367,Nhamunda,-2.1861,-56.7131,73.6,96,77,2.77,broken clouds
368,Natchez,31.5604,-91.4032,89.82,58,0,6.91,clear sky
369,Kolondieba,11.0882,-6.8926,71.19,97,100,5.1,light rain
370,Teya,60.3778,92.6267,64.62,63,48,4.99,scattered clouds
371,Apatou,5.155,-54.3472,72.34,99,48,2.39,scattered clouds
372,Nabire,-3.3667,135.4833,84.49,66,99,4.65,overcast clouds
373,Denpasar,-8.65,115.2167,78.46,83,75,12.66,broken clouds
374,Nikel,69.4128,30.222,53.78,87,98,2.33,overcast clouds
375,Meulaboh,4.1363,96.1285,79.99,73,100,2.48,overcast clouds
376,Nha Trang,12.25,109.1833,84.2,86,100,0.96,overcast clouds
377,Saint-Francois,46.4154,3.9054,60.24,88,20,2.3,few clouds
378,Mumbwa,-14.9783,27.0619,62.53,59,100,4.88,overcast clouds
379,Presidencia Roque Saenz Pena,-26.7852,-60.4388,71.31,56,100,6.26,overcast clouds
380,Tombouctou,20.0,-3.0,87.19,49,62,11.12,broken clouds
381,Olafsvik,64.8945,-23.7142,50.25,71,80,7.56,broken clouds
382,Kaitangata,-46.2817,169.8464,45.68,75,93,8.37,overcast clouds
383,Zhigansk,66.7697,123.3711,53.31,67,100,9.62,overcast clouds
384,Baykit,61.67,96.37,65.59,60,35,4.16,scattered clouds
385,Makat,47.6469,53.3463,72.86,47,100,7.11,overcast clouds
386,Kununurra,-15.7667,128.7333,82.38,21,6,10.36,clear sky
387,Dali,25.7,100.1833,64.02,93,100,2.71,overcast clouds
388,Harper,4.375,-7.7169,74.32,71,100,8.84,overcast clouds
389,Borcea,44.3333,27.75,71.89,46,0,6.51,clear sky
390,Belmonte,-15.8631,-38.8828,70.86,84,12,7.52,few clouds
391,Ust-Kuyga,70.0167,135.6,59.94,47,0,11.65,clear sky
392,Acari,-15.4311,-74.6158,63.79,77,92,2.66,overcast clouds
393,Devils Lake,48.1128,-98.8651,75.18,64,20,14.97,few clouds
394,Okhotsk,59.3833,143.3,62.44,83,99,5.97,overcast clouds
395,Lander,42.833,-108.7307,91.8,9,0,10.36,clear sky
396,Doha,25.2867,51.5333,94.89,68,0,8.05,clear sky
397,Longyearbyen,78.2186,15.6401,51.64,82,75,11.5,broken clouds
398,Volot,57.9278,30.7025,59.32,75,5,10.76,clear sky
399,Dolinsk,47.35,142.8,59.74,83,100,6.42,overcast clouds
400,Ancud,-41.8697,-73.8203,40.23,64,32,9.82,scattered clouds
401,Lakes Entrance,-37.8811,147.981,55.87,65,17,9.64,few clouds
402,Arman,59.7,150.1667,79.02,73,44,5.77,scattered clouds
403,Sibu,2.3,111.8167,82.71,78,20,5.01,few clouds
404,Shieli,44.1667,66.75,93.16,19,0,4.38,clear sky
405,Sovetskoye,52.2861,85.4131,64.8,53,100,3.91,overcast clouds
406,Eyl,7.9803,49.8164,74.19,75,13,14.5,few clouds
407,Howard,39.2504,-76.933,84.94,77,0,8.55,clear sky
408,Jackson,42.4165,-122.8345,99.05,19,0,11.5,clear sky
409,Blenheim,-41.516,173.9528,49.71,68,100,10.4,overcast clouds
410,Mortka,59.3322,66.0214,60.26,94,100,4.14,overcast clouds
411,Oksfjord,70.2396,22.3479,60.98,80,58,4.18,broken clouds
412,Zhicheng,30.2956,111.5047,78.71,87,100,2.53,overcast clouds
413,Fairbanks,64.8378,-147.7164,69.76,47,75,12.66,broken clouds
414,Khani,41.9563,42.9566,58.57,98,100,0.92,overcast clouds
415,Delta,5.5,6.0,71.6,84,100,3.09,overcast clouds
416,Port-Cartier,50.0334,-66.8654,71.28,64,0,6.44,clear sky
417,Santa Lucia,27.9117,-15.5407,69.12,61,0,28.77,clear sky
418,Zabolotiv,48.4705,25.2857,63.5,77,98,5.08,overcast clouds
419,Saalfeld,50.65,11.3667,72.72,88,100,3.85,overcast clouds
420,Ibotirama,-12.1853,-43.2206,72.46,60,15,5.35,few clouds
421,Salamina,37.9643,23.4965,79.77,38,0,11.5,clear sky
422,Russell,32.3502,-85.1999,83.43,76,100,7.54,overcast clouds
423,Norman Wells,65.282,-126.8329,75.24,35,75,8.05,broken clouds
424,Soyo,-6.1349,12.3689,68.74,94,9,6.11,clear sky
425,Linguere,15.3953,-15.1193,80.08,76,99,10.83,moderate rain
426,Alexander City,32.944,-85.9539,85.5,83,0,3.44,clear sky
427,Burns Lake,54.2331,-125.7533,76.42,35,42,6.44,scattered clouds
428,Jacareacanga,-6.2222,-57.7528,78.75,54,81,0.51,broken clouds
429,Ushtobe,45.2514,77.9838,82.33,15,0,4.05,clear sky
430,Necochea,-38.5473,-58.7368,56.46,59,0,17.72,clear sky
431,Poum,-20.2333,164.0167,78.08,80,67,18.61,broken clouds
432,Porto Novo,6.4965,2.6036,76.82,78,100,5.57,overcast clouds
433,Clyde River,70.4692,-68.5914,37.63,100,100,9.22,light rain
434,Abu Dhabi,24.4667,54.3667,93.31,58,0,4.61,clear sky
435,Lavrentiya,65.5833,-171.0,41.79,71,100,22.53,overcast clouds
436,Sola,-13.8833,167.55,81.41,78,14,18.16,few clouds
437,Mpika,-11.8343,31.4529,55.62,73,56,7.99,broken clouds
438,Jaciara,-15.9653,-54.9683,71.37,38,6,1.66,clear sky
439,Matay,28.419,30.7792,76.91,54,2,14.52,clear sky
440,Luwingu,-10.2621,29.9271,54.36,77,26,4.56,scattered clouds
441,Northam,51.0333,-4.2167,60.39,90,2,12.44,clear sky
442,Dobra,44.7833,25.7167,74.75,40,0,6.02,clear sky
443,Sekoma,-24.4,23.8833,52.02,71,38,6.58,scattered clouds
444,Araouane,18.9048,-3.5265,86.4,50,13,1.81,light rain
445,Voznesenskoye,54.89,42.7569,52.47,98,82,3.29,broken clouds
446,Eydhafushi,5.1033,73.0708,81.54,73,100,18.99,light rain
447,Orlik,52.5178,99.825,59.27,58,85,1.28,overcast clouds
448,Solnechnyy,50.7214,136.6319,58.35,97,100,5.17,overcast clouds
449,Bonthe,7.5264,-12.505,74.44,90,100,10.58,light rain
450,Verkhnetulomskiy,68.6073,31.7962,53.73,89,57,1.48,broken clouds
451,Bilibino,68.0546,166.4372,55.74,31,34,8.41,scattered clouds
452,Moose Factory,51.2585,-80.6094,68.0,77,75,14.97,haze
453,Toora-Khem,52.4675,96.11,63.45,50,3,2.84,clear sky
454,Vila,42.0304,-8.1588,58.69,81,0,4.63,clear sky
455,Kautokeino,69.0125,23.0412,51.8,87,74,6.62,broken clouds
456,Lorengau,-2.0226,147.2712,84.56,67,77,4.94,heavy intensity rain
457,El Campo,29.1966,-96.2697,85.98,66,0,11.5,clear sky
458,Alugan,12.2188,125.4808,84.54,75,100,5.86,moderate rain
459,Piet Retief,-27.0071,30.8132,45.43,96,8,2.48,clear sky
460,Kencong,-8.2833,113.3667,78.4,74,33,4.23,scattered clouds
461,Tiarei,-17.5333,-149.3333,80.01,73,8,11.14,clear sky
462,Lata,40.1629,-8.3327,59.67,86,0,2.46,clear sky
463,Araci,-11.3333,-38.9667,65.37,84,25,6.91,scattered clouds
464,Goiatuba,-18.0125,-49.3547,65.7,45,2,6.93,clear sky
465,San Felipe,10.3399,-68.7425,71.47,96,66,2.42,broken clouds
466,Pangnirtung,66.1451,-65.7125,45.52,87,100,0.78,overcast clouds
467,Ust-Barguzin,53.45,108.9833,59.27,77,74,2.48,broken clouds
468,Bongandanga,1.5,21.05,69.69,98,95,1.68,light rain
469,Odweyne,9.4092,45.064,68.27,65,91,19.39,overcast clouds
470,Padang,-0.9492,100.3543,77.05,70,48,1.1,light rain
471,Shahr-E Babak,30.1165,55.1186,74.17,16,0,4.27,clear sky
472,Acapulco,16.8634,-99.8901,84.02,84,100,12.66,overcast clouds
473,Namibe,-15.1961,12.1522,63.23,74,0,7.83,clear sky
474,Kutum,14.2,24.6667,72.82,67,38,7.31,scattered clouds
475,Portland,45.5234,-122.6762,93.61,36,20,10.36,few clouds
476,Nageshwari,25.9377,89.7148,81.66,84,100,4.74,overcast clouds
477,Ileza,61.0533,43.9002,51.8,94,12,2.46,few clouds
478,Brae,60.3964,-1.353,52.18,82,93,18.14,overcast clouds
479,Kiunga,-6.1219,141.2906,74.48,98,100,1.1,overcast clouds
480,Campbellton,48.0075,-66.6727,70.25,72,35,4.7,scattered clouds
481,Canchungo,12.0672,-16.0333,75.33,93,100,4.16,overcast clouds
482,Omboue,-1.5746,9.2618,71.89,87,100,6.58,overcast clouds
483,Kawalu,-7.3817,108.2082,73.89,88,91,2.73,overcast clouds
484,Letpadan,17.7833,95.75,81.57,85,100,1.05,overcast clouds
485,Inta,66.0317,60.1659,62.76,60,75,5.93,broken clouds
486,Milledgeville,33.0801,-83.2321,82.54,83,0,4.61,clear sky
487,Nemuro,43.3236,145.575,60.04,87,65,8.55,broken clouds
488,Lola,7.8,-8.5333,67.26,98,100,3.76,light rain
489,Quatre Cocos,-20.2078,57.7625,66.31,71,91,20.65,light rain
490,Velasco Ibarra,-1.05,-79.6167,73.62,87,68,4.07,light rain
491,Kukuna,9.4,-12.6667,73.0,98,100,3.56,light rain
492,Meadow Lake,34.8014,-106.5436,94.44,51,67,26.26,broken clouds
493,Maldonado,-34.6667,-54.9167,60.22,95,79,9.04,broken clouds
494,North Bend,43.4065,-124.2243,72.25,85,100,12.66,overcast clouds
495,Axim,4.8699,-2.2405,72.64,76,7,7.43,clear sky
496,Carbonia,39.1672,8.5222,76.01,57,0,3.0,clear sky
497,Flinders,-34.5833,150.8552,59.18,88,89,5.99,overcast clouds
498,Sao Joao Da Barra,-21.6403,-41.0511,67.32,94,1,7.11,clear sky
499,Boma,7.0805,-2.1697,65.88,93,99,2.15,overcast clouds
500,Amga,60.8953,131.9608,80.91,46,100,9.57,overcast clouds
501,Sur,22.5667,59.5289,83.39,77,100,12.21,overcast clouds
502,Salta,-24.7859,-65.4117,55.99,71,40,4.61,scattered clouds
503,Karak,31.1667,35.75,65.89,61,0,10.29,clear sky
504,Dakar,14.6937,-17.4441,79.68,81,100,13.69,overcast clouds
505,Merauke,-8.4667,140.3333,80.64,77,100,12.77,overcast clouds
506,Juneau,58.3019,-134.4197,53.22,95,100,11.5,light rain
507,Natal,-5.795,-35.2094,75.42,94,75,4.61,broken clouds
508,Bac Lieu,9.285,105.7244,79.09,83,100,3.02,moderate rain
509,Vyazemskiy,47.5378,134.7525,74.86,68,55,7.63,broken clouds
510,Kashi,39.4547,75.9797,76.21,22,0,6.71,clear sky
511,Paita,-5.0892,-81.1144,63.3,83,22,14.27,few clouds
512,Vilyuysk,63.7553,121.6247,70.99,75,100,3.87,overcast clouds
513,Thinadhoo,0.5333,72.9333,80.74,74,100,4.63,overcast clouds
514,Pahasu,28.1833,78.05,82.47,73,100,8.97,overcast clouds
515,Sisimiut,66.9395,-53.6735,49.98,88,100,8.39,light rain
516,Wembley,-31.9333,115.8,57.2,96,100,3.44,overcast clouds
517,Shimoda,34.6667,138.95,80.96,74,66,7.81,broken clouds
518,Cabedelo,-6.9811,-34.8339,74.07,88,92,10.4,overcast clouds
519,Sorong,-0.8833,131.25,85.19,65,19,8.52,few clouds
520,Villa Rica,33.7321,-84.9191,85.39,80,97,5.5,overcast clouds
521,Angoche,-16.2325,39.9086,66.56,82,0,1.41,clear sky
522,Dothan,31.2232,-85.3905,79.86,93,0,6.91,clear sky
523,Rosita,13.9268,-84.4032,73.62,90,74,2.08,broken clouds
524,Fortuna,40.5982,-124.1573,61.93,80,6,4.0,clear sky
525,Thaton,16.9206,97.3714,80.74,84,100,3.94,overcast clouds
526,Mnogovershinnyy,53.9353,139.9242,64.35,66,99,6.96,overcast clouds
527,Turayf,31.6725,38.6637,77.25,50,0,11.5,clear sky
528,San Cristobal,7.7669,-72.225,75.38,98,51,3.98,broken clouds
529,Xining,36.6167,101.7667,52.39,97,100,4.94,overcast clouds
530,Ojinaga,29.5667,-104.4167,106.75,20,0,16.11,clear sky
531,Barcelos,41.5388,-8.6151,68.85,76,0,1.43,clear sky
532,Palmer,42.1584,-72.3287,83.07,74,0,5.12,clear sky
533,Jodhpur,26.2867,73.03,82.22,79,70,19.8,broken clouds
534,Seoul,37.5683,126.9778,72.97,91,75,11.5,light rain
535,Westport,41.1415,-73.3579,83.62,68,0,5.75,clear sky
536,Siyabuswa,-25.1132,29.0445,56.32,70,84,3.22,broken clouds
537,Filingue,14.3521,3.3168,84.51,58,89,13.76,overcast clouds
538,Vidim,56.4088,103.1106,68.41,54,48,3.49,scattered clouds
539,Tessalit,20.1986,1.0114,79.77,60,81,19.93,broken clouds
540,Pingzhuang,42.0372,119.2889,77.95,60,96,9.08,overcast clouds
541,Shelburne,44.0787,-80.2041,72.36,83,1,15.84,clear sky
542,Coahuayana,18.7333,-103.6833,81.05,90,13,2.08,few clouds
543,Peleduy,59.6289,112.7406,63.34,83,100,6.55,overcast clouds
544,Ulma,48.3984,9.9916,66.09,94,89,5.55,overcast clouds
545,Croy,46.6946,6.4772,66.96,80,70,2.57,broken clouds
546,Salalah,17.0151,54.0924,75.29,100,100,6.91,drizzle
547,Marang,5.2056,103.2059,78.71,78,81,3.4,broken clouds
548,Honningsvag,70.9821,25.9704,58.75,77,100,14.97,overcast clouds
549,Boende,-0.2167,20.8667,72.12,91,36,1.9,scattered clouds
550,Kushima,31.4583,131.2333,88.77,69,100,12.01,overcast clouds
551,Erzin,36.9559,36.2,74.39,77,0,2.44,clear sky
552,Kavieng,-2.5744,150.7967,82.9,76,97,11.56,light rain
553,Moratuwa,6.773,79.8816,78.82,86,64,10.29,broken clouds
554,Chapais,49.7834,-74.8492,67.78,84,100,6.96,overcast clouds
555,Ahuimanu,21.4447,-157.8378,85.71,68,75,16.11,shower rain
556,Prainha,-1.8,-53.48,73.78,94,66,2.86,broken clouds
557,Yarada,17.65,83.2667,82.72,83,40,4.61,mist
558,Rio Bueno,-40.3167,-72.9667,42.94,92,98,1.01,overcast clouds
559,Atyrau,47.1167,51.8833,68.02,83,75,2.24,light intensity shower rain
560,Pilar,-9.5972,-35.9567,75.13,94,98,4.29,overcast clouds
561,Bulungu,-4.55,18.6,73.02,72,10,2.01,clear sky
562,Missoula,47.0166,-113.8009,82.8,22,0,10.87,clear sky
563,Goroka,-6.0834,145.3873,70.61,79,90,2.33,overcast clouds
564,Ngunguru,-35.6167,174.5,55.65,74,20,17.6,few clouds
565,Urusha,54.05,122.9,70.05,74,100,4.81,overcast clouds
566,Hellvik,59.9156,5.781,58.77,93,100,4.0,overcast clouds
567,Griffith,41.5284,-87.4237,82.06,63,40,14.97,scattered clouds
568,Awjilah,29.1081,21.2869,72.27,48,0,11.01,clear sky
569,Koslan,63.4564,48.8989,61.48,82,5,3.6,clear sky
570,Kochi,9.9399,76.2602,77.02,87,92,9.31,overcast clouds
571,Port Hardy,50.6996,-127.4199,62.78,72,0,13.8,clear sky
572,Getulio Vargas,-32.6796,-53.5494,60.44,95,80,6.26,broken clouds
573,Sciacca,37.5082,13.0881,80.02,67,0,0.27,clear sky
574,Pulandian,39.3953,121.9669,71.38,84,99,2.73,overcast clouds
575,Plettenberg Bay,-34.0527,23.3716,52.07,85,0,5.66,clear sky
576,Kudahuvadhoo,2.6708,72.8944,80.51,75,100,13.71,moderate rain
577,Urucara,-2.5364,-57.76,74.39,97,100,1.86,overcast clouds
578,Kozhva,65.1073,57.0459,62.62,61,3,4.52,clear sky
579,Fredericksburg,38.3032,-77.4605,84.0,77,0,1.01,clear sky
580,Avera,33.194,-82.5271,81.55,80,100,9.64,overcast clouds
581,Sulangan,11.1373,123.7228,84.81,68,100,0.51,overcast clouds
582,Impfondo,1.6381,18.0667,70.65,98,95,0.94,light rain
583,Micomeseng,2.1462,10.6164,67.08,97,100,2.44,overcast clouds
584,Neenah,44.1858,-88.4626,75.45,77,40,14.97,scattered clouds
585,Alice Springs,-23.7,133.8833,51.35,40,13,12.66,few clouds
586,Goderich,43.7501,-81.7165,74.91,83,9,8.05,clear sky
587,Bluefield,37.2698,-81.2223,75.76,73,40,4.61,scattered clouds
588,Duluth,46.7833,-92.1066,81.07,54,0,13.8,clear sky
589,Saint-Denis,48.9167,2.3333,67.1,85,40,3.44,scattered clouds
590,Castanos,26.7833,-101.4167,98.35,28,60,3.78,broken clouds
591,Tuatapere,-46.1333,167.6833,46.45,79,100,4.72,overcast clouds
592,Lar,26.2039,83.9717,81.18,82,100,8.48,overcast clouds
593,Woodward,36.4337,-99.3904,91.96,34,0,8.05,clear sky
594,General Roca,-39.0333,-67.5833,55.62,65,4,13.27,clear sky
595,Kulhudhuffushi,6.6221,73.07,81.5,74,100,20.38,overcast clouds
596,Ayorou,14.7308,0.9174,84.33,58,63,13.82,broken clouds
597,Adrar,20.5022,-10.0711,87.94,34,60,8.77,broken clouds
598,Kamaishi,39.2667,141.8833,76.59,79,100,4.09,overcast clouds
599,Gizycko,54.0381,21.7644,58.33,81,0,3.11,clear sky
600,Kangalassy,62.3464,129.9628,78.73,52,97,10.02,light rain
601,Sabinas Hidalgo,26.5,-100.1667,92.84,39,0,17.25,clear sky
602,Veraval,20.9,70.3667,80.96,87,100,15.93,overcast clouds
603,Constitucion,-35.3333,-72.4167,50.74,90,2,5.66,clear sky
604,Shache,38.4167,77.2406,76.71,16,0,4.34,clear sky
605,Port-Gentil,-0.7193,8.7815,73.96,85,100,11.39,overcast clouds
606,Tselinnoye,53.0833,85.6667,62.58,63,100,6.85,overcast clouds
607,Olinda,-8.0089,-34.8553,73.13,88,75,14.97,mist
608,Pangai,-19.8,-174.35,80.71,78,20,16.11,few clouds
609,Laguna,38.421,-121.4238,103.14,19,0,10.36,clear sky
610,Kinsale,51.7075,-8.5306,56.23,82,75,10.36,broken clouds
611,Sirjan,29.452,55.6814,76.98,19,0,2.91,clear sky
612,Tamano,34.4833,133.95,86.88,77,73,7.65,broken clouds
613,Dibulla,11.2725,-73.3091,77.38,91,56,5.03,broken clouds
614,Tiznit,29.5833,-9.5,89.11,21,86,5.88,overcast clouds
615,Ekhabi,53.5102,142.9671,58.1,89,100,11.7,overcast clouds
616,Port Hawkesbury,45.6169,-61.3485,68.18,85,0,9.22,clear sky
617,Kimbe,-5.5502,150.1429,87.37,61,98,6.2,overcast clouds
618,Jiuquan,39.7432,98.5174,65.48,38,100,12.41,overcast clouds
619,Senno,59.5336,33.9167,60.26,98,41,7.67,scattered clouds
620,Rocha,-34.4833,-54.3333,59.05,95,89,10.38,overcast clouds
621,Buin,-33.7333,-70.75,55.74,71,0,3.6,clear sky
622,Kochki,54.3358,80.4806,66.81,70,58,10.87,broken clouds
623,Monrovia,6.3005,-10.7969,75.34,79,100,11.99,overcast clouds
624,Imeni Poliny Osipenko,52.4201,136.4853,56.57,98,100,9.44,light rain
625,Wladyslawowo,54.7909,18.4009,67.93,72,2,9.66,clear sky
626,Nordfjordeid,61.9063,5.9915,58.21,88,100,11.5,overcast clouds
627,Carson City,39.1638,-119.7674,94.03,13,0,15.01,clear sky
628,Manica,49.0,-1.1667,59.77,94,80,3.62,broken clouds
629,Serenje,-13.2325,30.2352,52.72,72,7,6.24,clear sky
630,Bolshaya Sosnova,57.6713,54.6029,54.75,90,8,4.05,clear sky
631,Leshukonskoye,64.8989,45.7622,62.65,73,11,3.51,few clouds
632,Sungaipenuh,-2.0833,101.3833,73.9,67,97,0.29,overcast clouds
633,Inirida,3.8653,-67.9239,72.1,97,83,2.06,broken clouds
634,Greenwood,34.1668,-82.1165,82.56,78,20,9.22,few clouds
635,Coihueco,-36.6167,-71.8333,45.34,93,0,5.75,clear sky
636,High Level,58.5169,-117.136,73.51,49,75,3.44,broken clouds
637,Lakinsk,56.0193,39.9485,51.71,98,69,3.2,broken clouds
638,Beringovskiy,63.05,179.3167,44.22,76,100,12.95,overcast clouds
639,Ximei,24.9639,118.3794,91.67,59,7,4.5,clear sky
640,Bay-Khaak,51.1667,94.5,65.1,41,2,3.85,clear sky
641,Tautira,-17.7333,-149.15,76.39,73,22,9.01,light rain
642,Salinas,36.6777,-121.6555,79.61,72,75,16.11,broken clouds
643,Drammen,59.7439,10.2045,68.13,96,100,1.14,light rain
644,Aksarka,66.5606,67.7975,56.44,60,44,17.22,scattered clouds
645,Leopoldina,-21.5319,-42.6431,67.48,78,85,2.98,overcast clouds
646,Jalu,29.0331,21.5482,72.46,48,0,10.71,clear sky
647,Khandbari,27.3747,87.2039,73.56,91,100,1.07,overcast clouds
648,Daru,-9.0763,143.2092,79.27,83,33,9.53,scattered clouds
649,Tonj,7.2737,28.6822,69.64,95,100,1.66,overcast clouds
650,Poddorye,57.4695,31.1156,59.13,75,1,10.25,clear sky
651,Yanam,16.7333,82.2167,84.51,73,89,5.59,overcast clouds
652,Goundam,16.4145,-3.6708,85.48,57,97,6.8,overcast clouds
653,Xuddur,4.1213,43.8894,67.53,73,14,15.66,few clouds
654,San Luis,-33.295,-66.3356,51.94,47,0,6.73,clear sky
655,Batagay-Alyta,67.8006,130.4114,50.52,64,98,4.68,overcast clouds
656,Half Moon Bay,37.4636,-122.4286,79.54,78,100,24.16,mist
657,Lincoln,40.8,-96.667,89.51,48,0,4.61,clear sky
658,Lebedyn,50.5852,34.4849,51.3,93,3,10.22,clear sky
659,Kanniyakumari,8.0833,77.5667,79.29,79,75,17.34,broken clouds
660,Bani,18.2833,-70.3333,81.86,80,20,10.36,few clouds
661,Parabel,58.6978,81.4825,64.6,66,100,5.46,overcast clouds
662,Nelson Bay,-32.7167,152.15,66.09,58,100,18.01,overcast clouds
663,Comodoro Rivadavia,-45.8667,-67.5,39.06,48,0,26.46,clear sky
664,Nyrob,60.733,56.7202,57.6,99,100,1.7,light rain
665,Yerofey Pavlovich,53.9667,121.9667,71.64,71,90,3.2,overcast clouds
666,Enid,36.3956,-97.8784,96.48,31,75,14.97,broken clouds
667,Marevo,57.3146,32.0804,59.23,77,78,9.53,broken clouds
668,Lubango,-14.9172,13.4925,54.54,39,0,5.48,clear sky
669,Cacahuatepec,16.8861,-99.6106,83.77,90,100,2.06,overcast clouds
670,Price,39.5994,-110.8107,92.46,16,0,12.66,clear sky
671,Amazar,53.858,120.875,76.6,63,59,2.28,broken clouds
672,Sauda,59.6506,6.3542,58.68,90,100,3.6,light rain
673,Do Gonbadan,30.3586,50.7981,82.49,44,0,0.0,clear sky
674,Lodwar,3.1191,35.5973,74.68,58,99,12.86,overcast clouds
675,Sao Paulo De Olivenca,-3.3783,-68.8725,72.68,98,99,1.79,overcast clouds
676,Hobyo,5.3505,48.5268,74.7,81,41,21.56,scattered clouds
677,Akureyri,65.6835,-18.0878,48.13,87,100,2.3,overcast clouds
678,Marrakesh,31.6315,-8.0083,89.67,31,40,4.61,scattered clouds
679,Cabra,37.4725,-4.4421,75.4,41,0,5.75,clear sky
680,Lahij,13.1667,44.5833,79.88,57,100,3.2,overcast clouds
681,Luena,-11.7833,19.9167,50.94,56,1,5.44,clear sky
